tweeter,retweeter
STM_Uutiset,HerralaJaakko
STM_Uutiset,kamaha1
STM_Uutiset,PSillanaukee
STM_Uutiset,VMkunta
STM_Uutiset,Heikikmus
STM_Uutiset,PaiviNerg
STM_Uutiset,TiinaSurakka
STM_Uutiset,sarirautio
STM_Uutiset,EevaLarjomaa
STM_Uutiset,annuhotto
STM_Uutiset,noora_hei
STM_Uutiset,valtioneuvosto
STM_Uutiset,HusbeAn
STM_Uutiset,HannamaijaK
jaanapuhakka,
PiaHytonen,jaanapuhakka
paivimakimartti,
KaarinaWilskman,
050eijas,
yverkosto,
KariSouto,
NaukkarinenOlli,
KristiinaKarin,paivimakimartti
KristiinaKarin,KaarinaWilskman
KristiinaKarin,yverkosto
KristiinaKarin,NaukkarinenOlli
